{
    "0": [],
    "1": [],
    "2": [
        {
            "tick": 2,
            "naiveProfit": -35.304162914871014,
            "optProfit": -3.08686203503136,
            "energyTransaction": -0.6064757452896643,
            "energyUsage": 2.2227725223070007,
            "energyIn": 2.3704182194053853
        }
    ],
    "3": [
        {
            "tick": 3,
            "naiveProfit": -29.01479228471654,
            "optProfit": -3.950428528255073,
            "energyTransaction": -0.8904054484575099,
            "energyUsage": 3.9490804586768258,
            "energyIn": 2.2447972327643395
        }
    ],
    "4": [
        {
            "tick": 4,
            "naiveProfit": -32.800944686742895,
            "optProfit": -1.2564153807150795,
            "energyTransaction": 0.7548217438953011,
            "energyUsage": 0.48512523185341117,
            "energyIn": 4.5220926752760455
        }
    ],
    "5": [
        {
            "tick": 5,
            "naiveProfit": -37.500439179894315,
            "optProfit": 0.12595457876503602,
            "energyTransaction": 0.1202944391286298,
            "energyUsage": 2.874667683213727,
            "energyIn": 0.20053902955845582
        }
    ],
    "6": [
        {
            "tick": 6,
            "naiveProfit": -18.811586668222574,
            "optProfit": -6.437903552437743,
            "energyTransaction": 0.015879439488703033,
            "energyUsage": 3.7228290544213693,
            "energyIn": 4.937700220276844
        }
    ],
    "7": [
        {
            "tick": 7,
            "naiveProfit": -12.81673266763965,
            "optProfit": -8.582820855041762,
            "energyTransaction": 0.20657609799526334,
            "energyUsage": 2.364822460186568,
            "energyIn": 4.044334177101933
        }
    ],
    "8": [
        {
            "tick": 8,
            "naiveProfit": -3.6136311912545163,
            "optProfit": -7.928305073499342,
            "energyTransaction": -0.7292381713436076,
            "energyUsage": 2.7601241424447474,
            "energyIn": 3.661022460265338
        }
    ],
    "9": [
        {
            "tick": 9,
            "naiveProfit": -41.269745429645774,
            "optProfit": -1.4379351530147833,
            "energyTransaction": -0.3733219455040796,
            "energyUsage": 3.734820394383027,
            "energyIn": 1.6312430768930034
        }
    ],
    "10": [
        {
            "tick": 10,
            "naiveProfit": -7.762826317925008,
            "optProfit": -4.414267497026131,
            "energyTransaction": 0.9713560907621257,
            "energyUsage": 0.8341900503560341,
            "energyIn": 0.3696189607040434
        }
    ],
    "11": [
        {
            "tick": 11,
            "naiveProfit": -16.11613445800988,
            "optProfit": -0.15019329143077523,
            "energyTransaction": 0.21284650272358712,
            "energyUsage": 2.601143318233405,
            "energyIn": 1.9987267264762727
        }
    ],
    "12": [
        {
            "tick": 12,
            "naiveProfit": -44.61664172811295,
            "optProfit": -4.095731132275073,
            "energyTransaction": 0.09536871256617106,
            "energyUsage": 1.1074201506019773,
            "energyIn": 3.2101547402219473
        }
    ],
    "13": [
        {
            "tick": 13,
            "naiveProfit": -26.96766764259291,
            "optProfit": -3.3588707005569526,
            "energyTransaction": -0.7601368401797151,
            "energyUsage": 2.9420859168971887,
            "energyIn": 2.2542396228787196
        }
    ],
    "14": [
        {
            "tick": 14,
            "naiveProfit": -48.50553692922415,
            "optProfit": -5.568027236644135,
            "energyTransaction": -0.4579829005854747,
            "energyUsage": 3.1721759743988066,
            "energyIn": 4.808707289956899
        }
    ],
    "15": [
        {
            "tick": 15,
            "naiveProfit": -14.297716740611978,
            "optProfit": -2.174269589330705,
            "energyTransaction": -0.04683932192266387,
            "energyUsage": 0.9877191495644971,
            "energyIn": 3.1065977111323564
        }
    ],
    "16": [
        {
            "tick": 16,
            "naiveProfit": -26.707121209982176,
            "optProfit": -3.781348053269051,
            "energyTransaction": 0.48601773168660606,
            "energyUsage": 1.2027646423265944,
            "energyIn": 4.219063169076324
        }
    ],
    "17": [
        {
            "tick": 17,
            "naiveProfit": -48.948667311542186,
            "optProfit": -6.348573072261385,
            "energyTransaction": -0.6020894896951942,
            "energyUsage": 2.3693386929051384,
            "energyIn": 2.1886649151854823
        }
    ],
    "18": [
        {
            "tick": 18,
            "naiveProfit": -24.212251845015247,
            "optProfit": -8.123528947065403,
            "energyTransaction": 0.3701693193319207,
            "energyUsage": 2.047271791370017,
            "energyIn": 2.4997085702338436
        }
    ],
    "19": [
        {
            "tick": 19,
            "naiveProfit": -34.19732586167076,
            "optProfit": -8.054153415812182,
            "energyTransaction": -0.4314763916839281,
            "energyUsage": 0.9829169180417556,
            "energyIn": 0.47916822116965067
        }
    ],
    "20": [
        {
            "tick": 20,
            "naiveProfit": -31.831548503733276,
            "optProfit": -6.2158309303381855,
            "energyTransaction": -0.4046302671092271,
            "energyUsage": 1.1870772444796703,
            "energyIn": 4.847036479041837
        }
    ],
    "21": [
        {
            "tick": 21,
            "naiveProfit": -28.738312946343175,
            "optProfit": -1.4688020534850946,
            "energyTransaction": -0.28080920940120024,
            "energyUsage": 3.874402633858321,
            "energyIn": 1.0630558722641133
        }
    ],
    "22": [
        {
            "tick": 22,
            "naiveProfit": -28.738312946343175,
            "optProfit": -1.4688020534850946,
            "energyTransaction": -0.28080920940120024,
            "energyUsage": 3.994402633858321,
            "energyIn": 1.18630558722641133
        }
    ],
    "23": [
        {
            "tick": 23,
            "naiveProfit": -28.738312946343175,
            "optProfit": -1.4688020534850946,
            "energyTransaction": -2,
            "energyUsage": 4.24402633858321,
            "energyIn": 1.18630558722641133
        }
    ],
    "24": [],
    "25": [],
    "26": [],
    "27": [],
    "28": [],
    "29": [],
    "30": [],
    "31": [],
    "32": [],
    "33": [],
    "34": [],
    "35": [],
    "36": [],
    "37": [],
    "38": [],
    "39": [],
    "40": [],
    "41": [],
    "42": [],
    "43": [],
    "44": [],
    "45": [],
    "46": [],
    "47": [],
    "48": [],
    "49": [],
    "50": [],
    "51": [],
    "52": [],
    "53": [],
    "54": [],
    "55": [],
    "56": [],
    "57": [],
    "58": [],
    "59": [],
    "batteryStorage": 2.99208473556915877
  }