{
    "0": [
        {
            "tick": 0,
            "naiveProfit": 13.466949053886635,
            "optProfit": 9.931697503876725,
            "storage": 0.0,
            "energyTransaction": 13.794024310939896,
            "energyUsed": 13.794024310939896,
            "noDefEnergyUsed": 13.794024310939896,
            "energyIn": 0.0,
            "storageProfit": 9.931697503876725
        }
    ],
    "1": [
        {
            "tick": 1,
            "naiveProfit": 7.133065723561798,
            "optProfit": 4.572230597031814,
            "storage": 0.0,
            "energyTransaction": 8.792751148138104,
            "energyUsed": 8.792751148138104,
            "noDefEnergyUsed": 8.792751148138104,
            "energyIn": 0.0,
            "storageProfit": 4.572230597031814
        }
    ],
    "2": [
        {
            "tick": 2,
            "naiveProfit": 8.26816359569213,
            "optProfit": 5.501871702250979,
            "storage": 0.0,
            "energyTransaction": 9.824770896876746,
            "energyUsed": 9.824770896876746,
            "noDefEnergyUsed": 9.824770896876746,
            "energyIn": 0.0,
            "storageProfit": 5.501871702250979
        }
    ],
    "3": [
        {
            "tick": 3,
            "naiveProfit": 2.2021618822021494,
            "optProfit": 2.0642891015546354,
            "storage": 4.463068324947653,
            "energyTransaction": 7.372461076980841,
            "energyUsed": 2.909392752033188,
            "noDefEnergyUsed": 2.909392752033188,
            "energyIn": 0.0,
            "storageProfit": 1.439459536061964
        },
        {
            "tick": 3,
            "naiveProfit": 2.467699580705208,
            "optProfit": 1.7977241178718666,
            "storage": 0.0,
            "energyTransaction": 4.9936781051996295,
            "energyUsed": 4.9936781051996295,
            "noDefEnergyUsed": 4.9936781051996295,
            "energyIn": 0.0,
            "storageProfit": 1.7977241178718666
        }
    ],
    "4": [
        {
            "tick": 4,
            "naiveProfit": 1.6732091710099806,
            "optProfit": 10.337727204025128,
            "storage": 45.53693167505236,
            "energyTransaction": 43.0738633501047,
            "energyUsed": 2.0,
            "noDefEnergyUsed": 2.0,
            "energyIn": 0.0,
            "storageProfit": 4.873295403018846
        },
        {
            "tick": 4,
            "naiveProfit": 17.51340614432011,
            "optProfit": 15.448401753916645,
            "storage": 0.0,
            "energyTransaction": 14.044001594469677,
            "energyUsed": 14.544001594469677,
            "noDefEnergyUsed": 14.544001594469677,
            "energyIn": 0.5,
            "storageProfit": 15.448401753916645
        }
    ],
    "5": [
        {
            "tick": 5,
            "naiveProfit": 3.2130716501628096,
            "optProfit": 0,
            "storage": 41.07526083532266,
            "energyTransaction": 0.0,
            "energyUsed": 4.4616708397297,
            "noDefEnergyUsed": 4.461670839729699,
            "energyIn": 0.0,
            "storageProfit": -6.982794342004852
        }
    ],
    "6": [
        {
            "tick": 6,
            "naiveProfit": 3.7635529333195614,
            "optProfit": 0,
            "storage": 35.90950634720763,
            "energyTransaction": 0.0,
            "energyUsed": 5.1657544881150255,
            "noDefEnergyUsed": 5.1657544881150255,
            "energyIn": 0.0,
            "storageProfit": -6.463711142497374
        }
    ],
    "7": [
        {
            "tick": 7,
            "naiveProfit": 2.098491696456878,
            "optProfit": 3.804433286253939,
            "storage": 47.251960963296995,
            "energyTransaction": 14.090493652792366,
            "energyUsed": 2.7480390367030014,
            "noDefEnergyUsed": 2.7480390367030014,
            "energyIn": 0.0,
            "storageProfit": -2.33832163897467
        }
    ],
    "8": [
        {
            "tick": 8,
            "naiveProfit": 6.194423715650621,
            "optProfit": 0,
            "storage": 39.38991768267162,
            "energyTransaction": 0.0,
            "energyUsed": 7.862043280625371,
            "noDefEnergyUsed": 7.862043280625371,
            "energyIn": 0.0,
            "storageProfit": -9.45358024384119
        }
    ],
    "9": [
        {
            "tick": 9,
            "naiveProfit": 1.4831489337246422,
            "optProfit": 2.228117286638959,
            "storage": 48.0,
            "energyTransaction": 10.610082317328375,
            "energyUsed": 2.0,
            "noDefEnergyUsed": 2.0,
            "energyIn": 0.0,
            "storageProfit": -2.571882713361042
        }
    ],
    "10": [
        {
            "tick": 10,
            "naiveProfit": 5.269619492653629,
            "optProfit": 0,
            "storage": 41.106614195533496,
            "energyTransaction": 0.0,
            "energyUsed": 6.893385804466506,
            "noDefEnergyUsed": 6.893385804466506,
            "energyIn": 0.0,
            "storageProfit": -9.043455123017369
        }
    ],
    "11": [
        {
            "tick": 11,
            "naiveProfit": 2.234158324212623,
            "optProfit": 2.031969377033076,
            "storage": 45.53693167505235,
            "energyTransaction": 6.773231256776921,
            "energyUsed": 2.342913777258065,
            "noDefEnergyUsed": 2.342913777258065,
            "energyIn": 0.0,
            "storageProfit": -4.798570374224776
        }
    ],
    "12": [
        {
            "tick": 12,
            "naiveProfit": 16.225695201727437,
            "optProfit": 0,
            "storage": 31.114345068876702,
            "energyTransaction": 0.0,
            "energyUsed": 14.42258660617565,
            "noDefEnergyUsed": 14.42258660617565,
            "energyIn": 0.0,
            "storageProfit": -12.756881478239446
        }
    ],
    "13": [
        {
            "tick": 13,
            "naiveProfit": 4.699211165308157,
            "optProfit": 2.2274173292170496,
            "storage": 31.114345068876702,
            "energyTransaction": 4.640452769202187,
            "energyUsed": 4.640452769202187,
            "noDefEnergyUsed": 4.640452769202187,
            "energyIn": 0.0,
            "storageProfit": -5.240025487313359
        }
    ],
    "14": [
        {
            "tick": 14,
            "naiveProfit": 11.067651446307721,
            "optProfit": 0,
            "storage": 21.331784411851476,
            "energyTransaction": 0.0,
            "energyUsed": 9.782560657025225,
            "noDefEnergyUsed": 9.782560657025224,
            "energyIn": 0.0,
            "storageProfit": -7.892760232385046
        }
    ],
    "15": [
        {
            "tick": 15,
            "naiveProfit": 10.637662632640067,
            "optProfit": 0,
            "storage": 12.347211841479034,
            "energyTransaction": 0.0,
            "energyUsed": 8.984572570372443,
            "noDefEnergyUsed": 8.984572570372443,
            "energyIn": 0.0,
            "storageProfit": -4.568468381347242
        }
    ],
    "16": [
        {
            "tick": 16,
            "naiveProfit": 10.349686364334419,
            "optProfit": 0,
            "storage": 3.1980521143618788,
            "energyTransaction": 0.0,
            "energyUsed": 9.649159727117153,
            "noDefEnergyUsed": 9.649159727117153,
            "energyIn": 0.5,
            "storageProfit": -1.1512987611702763
        }
    ],
    "17": [
        {
            "tick": 17,
            "naiveProfit": 4.070682005903807,
            "optProfit": 21.528896027393536,
            "storage": 46.403781452107,
            "energyTransaction": 46.80194788563812,
            "energyUsed": 4.596218547893003,
            "noDefEnergyUsed": 4.596218547893003,
            "energyIn": 1.0,
            "storageProfit": 10.856026293408926
        }
    ],