{
    "0": [
        {
            "tick": 0,
            "naiveProfit": 4.662768359318567,
            "optProfit": -0.661783219533904,
            "storage": 0.0,
            "energyTransaction": -2.647132878135616,
            "energyUsed": 6.541546987318015,
            "energyIn": 0.0,
            "storageProfit": -0.661783219533904
        }
    ],
    "1": [
        {
            "tick": 1,
            "naiveProfit": 0.26011360701693714,
            "optProfit": 5.0,
            "storage": 50.0,
            "energyTransaction": 50.0,
            "energyUsed": 0.0,
            "energyIn": 0.0,
            "storageProfit": 2.5
        }
    ],
    "2": [
        {
            "tick": 2,
            "naiveProfit": 2.905605090690641,
            "optProfit": -6.166761166242391,
            "storage": 16.317499348323125,
            "energyTransaction": -29.365529363059004,
            "energyUsed": 4.31697128861787,
            "energyIn": 0.0,
            "storageProfit": -9.593436029390247
        }
    ],
    "3": [
        {
            "tick": 3,
            "naiveProfit": 2.899041127687199,
            "optProfit": -0.03295897573423763,
            "storage": 11.859209039550414,
            "energyTransaction": -0.15694750349636968,
            "energyUsed": 4.301342805276341,
            "energyIn": 0.0,
            "storageProfit": -2.523392874039825
        }
    ],
    "4": [
        {
            "tick": 4,
            "naiveProfit": 6.311773458839785,
            "optProfit": -1.037613352398845,
            "storage": 0.0,
            "energyTransaction": -3.577977077237396,
            "energyUsed": 8.281231962313019,
            "energyIn": 0.0,
            "storageProfit": -1.037613352398845
        }
    ],
    "5": [
        {
            "tick": 5,
            "naiveProfit": 5.322257314361144,
            "optProfit": 3.9176438364696833,
            "storage": 0.0,
            "energyTransaction": 7.254895993462376,
            "energyUsed": 7.254895993462376,
            "energyIn": 0.0,
            "storageProfit": 3.9176438364696833
        }
    ],
    "6": [
        {
            "tick": 6,
            "naiveProfit": 0.26011360701693714,
            "optProfit": 5.0,
            "storage": 50.0,
            "energyTransaction": 50.0,
            "energyUsed": 0.0,
            "energyIn": 0.0,
            "storageProfit": 2.5
        }
    ],
    "7": [
        {
            "tick": 7,
            "naiveProfit": 1.5685496215571848,
            "optProfit": 0,
            "storage": 47.84795539878397,
            "energyTransaction": 0.0,
            "energyUsed": 2.152044601216037,
            "energyIn": 0.0,
            "storageProfit": -7.655672863805435
        }
    ],
    "8": [
        {
            "tick": 8,
            "naiveProfit": 3.0814926199417028,
            "optProfit": -8.211446757008748,
            "storage": 4.1807021477848,
            "energyTransaction": -39.10212741432737,
            "energyUsed": 4.565125836671799,
            "energyIn": 0.0,
            "storageProfit": -9.089394208043556
        }
    ],
    "9": [
        {
            "tick": 9,
            "naiveProfit": 0.5982612961389555,
            "optProfit": 0,
            "storage": 4.1807021477848,
            "energyTransaction": 0.0,
            "energyUsed": 0.0,
            "energyIn": 0.0,
            "storageProfit": -0.459877236256328
        }
    ],
    "10": [
        {
            "tick": 10,
            "naiveProfit": 0.8429550879959828,
            "optProfit": 0,
            "storage": 3.6597823364875683,
            "energyTransaction": 0.0,
            "energyUsed": 0.5209198112972311,
            "energyIn": 0.0,
            "storageProfit": -0.4757717037433839
        }
    ],
    "11": [
        {
            "tick": 11,
            "naiveProfit": 0.9543564023685474,
            "optProfit": 14.365467475688854,
            "storage": 49.52256703027083,
            "energyTransaction": 46.34021766351243,
            "energyUsed": 0.4774329697291685,
            "energyIn": 0.0,
            "storageProfit": 6.93708242114823
        }
    ],
    "12": [
        {
            "tick": 12,
            "naiveProfit": 13.806419521033067,
            "optProfit": -15.58932981129938,
            "storage": 0.0,
            "energyTransaction": -36.25425537511484,
            "energyUsed": 13.268311655155994,
            "energyIn": 0.0,
            "storageProfit": -15.58932981129938
        }
    ],
    "13": [
        {
            "tick": 13,
            "naiveProfit": 10.56920382775149,
            "optProfit": 8.488294971615995,
            "storage": 0.0,
            "energyTransaction": 10.610368714519993,
            "energyUsed": 10.610368714519991,
            "energyIn": 0.0,
            "storageProfit": 8.488294971615995
        }
    ],
    "14": [
        {
            "tick": 14,
            "naiveProfit": 1.924481380806866,
            "optProfit": 2.8978951791052228,
            "storage": 4.629081483290949,
            "energyTransaction": 6.037281623135881,
            "energyUsed": 1.4082001398449318,
            "energyIn": 0.0,
            "storageProfit": 1.786915623115395
        }
    ],
    "15": [
        {
            "tick": 15,
            "naiveProfit": 2.4070773605696862,
            "optProfit": 0,
            "storage": 2.772666885738679,
            "energyTransaction": 0.0,
            "energyUsed": 1.85641459755227,
            "energyIn": 0.0,
            "storageProfit": -0.7486200591494434
        }
    ],
    "16": [
        {
            "tick": 16,
            "naiveProfit": 9.098087510477137,
            "optProfit": 6.357874519129351,
            "storage": 2.772666885738679,
            "energyTransaction": 8.256979894973183,
            "energyUsed": 8.756979894973183,
            "energyIn": 0.5,
            "storageProfit": 5.304261102548653
        }
    ],
    "17": [
        {
            "tick": 17,
            "naiveProfit": 4.005967061809614,
            "optProfit": 2.048672067989766,
            "storage": 2.772666885738679,
            "energyTransaction": 3.724858305435938,
            "energyUsed": 4.724858305435938,
            "energyIn": 1.0,
            "storageProfit": 1.3000520088403227
        }
    ],
    "18": [
        {
            "tick": 18,
            "naiveProfit": 5.922647415146605,
            "optProfit": 3.751829331091865,
            "storage": 2.772666885738679,
            "energyTransaction": 6.150539887035844,
            "energyUsed": 7.650539887035844,
            "energyIn": 1.5,
            "storageProfit": 2.9200292653702613
        }
    ],
    "19": [
        {
            "tick": 19,
            "naiveProfit": 2.1358268166738243,
            "optProfit": 0,
            "storage": 0.991818014635659,
            "energyTransaction": 0.0,
            "energyUsed": 3.7808488711030197,
            "energyIn": 2.0,
            "storageProfit": -0.19836360292713182
        }
    ],
    "20": [
        {
            "tick": 20,
            "naiveProfit": 8.855922527278784,
            "optProfit": 6.435994171283338,
            "storage": 0.991818014635659,
            "energyTransaction": 9.46469731071079,
            "energyUsed": 11.914697310710789,
            "energyIn": 2.45,
            "storageProfit": 6.098776046307214
        }
    ],
    "21": [
        {
            "tick": 21,
            "naiveProfit": 2.943712596894783,
            "optProfit": 1.5558125103679823,
            "storage": 0.991818014635659,
            "energyTransaction": 3.98926284709739,
            "energyUsed": 6.88926284709739,
            "energyIn": 2.9000000000000004,
            "storageProfit": 1.367367087587207
        }
    ],
    "22": [
        {
            "tick": 22,
            "naiveProfit": 7.724845099811998,
            "optProfit": 5.696375742580519,
            "storage": 0.991818014635659,