{
    "0": [],
    "1": [],
    "2": [],
    "3": [],
    "4": [],
    "5": [],
    "6": [],
    "7": [],
    "8": [],
    "9": [],
    "10": [],
    "11": [],
    "12": [
        {
            "tick": 12,
            "naiveProfit": 12.403164711359102,
            "optProfit": 11.530824285827185,
            "storage": 0.0,
            "energyTransaction": 14.061980836374618,
            "energyUsed": 14.061980836374618,
            "noDefEnergyUsed": 14.061980836374618,
            "energyIn": 0.0,
            "storageProfit": 11.530824285827185
        }
    ],
    "13": [
        {
            "tick": 13,
            "naiveProfit": 5.74071873633942,
            "optProfit": 19.572038213642962,
            "storage": 23.39553632384162,
            "energyTransaction": 31.567803570391874,
            "energyUsed": 8.172267246550255,
            "noDefEnergyUsed": 8.172267246550255,
            "energyIn": 0.0,
            "storageProfit": 12.31942195325206
        }
    ],
    "14": [],
    "15": [],
    "16": [],
    "17": [],
    "18": [],
    "19": [],
    "20": [],
    "21": [
        {
            "tick": 21,
            "naiveProfit": 10.773575100917904,
            "optProfit": 8.948433940674336,
            "storage": 0.0,
            "energyTransaction": 13.159461677462259,
            "energyUsed": 16.05946167746226,
            "noDefEnergyUsed": 16.05946167746226,
            "energyIn": 2.9000000000000004,
            "storageProfit": 8.948433940674336
        }
    ],
    "22": [
        {
            "tick": 22,
            "naiveProfit": 12.024,
            "optProfit": 11.404503353196036,
            "storage": 0.0,
            "energyTransaction": 15.83958799055005,
            "energyUsed": 19.13958799055005,
            "noDefEnergyUsed": 19.13958799055005,
            "energyIn": 3.3000000000000003,
            "storageProfit": 11.404503353196036
        }
    ],
    "23": [
        {
            "tick": 23,
            "naiveProfit": 0.44715638176654826,
            "optProfit": 5.0,
            "storage": 33.7,
            "energyTransaction": 50.0,
            "energyUsed": 20.0,
            "noDefEnergyUsed": 2.8189559891087383,
            "energyIn": 3.7,
            "storageProfit": 3.3149999999999995
        }
    ],
    "24": [
        {
            "tick": 24,
            "naiveProfit": 4.678041365584973,
            "optProfit": 0,
            "storage": 23.488178536374626,
            "energyTransaction": 0.0,
            "energyUsed": 14.211821463625379,
            "noDefEnergyUsed": 12.783592557775787,
            "energyIn": 4.0,
            "storageProfit": -3.7581085658199402
        }
    ],
    "25": [
        {
            "tick": 25,
            "naiveProfit": 3.204286300057793,
            "optProfit": 0,
            "storage": 7.788178536374627,
            "energyTransaction": 0.0,
            "energyUsed": 20.0,
            "noDefEnergyUsed": 12.2168857419455,
            "energyIn": 4.3,
            "storageProfit": -0.9345814243649552
        }
    ],
    "26": [
        {
            "tick": 26,
            "naiveProfit": 7.4159999999999995,
            "optProfit": 7.146886720146847,
            "storage": 7.788178536374627,
            "energyTransaction": 14.889347333639266,
            "energyUsed": 19.43934733363927,
            "noDefEnergyUsed": 19.439347333639265,
            "energyIn": 4.55,
            "storageProfit": 5.277723871416937
        }
    ],
    "27": [
        {
            "tick": 27,
            "naiveProfit": 3.8125,
            "optProfit": 2.438478438724034,
            "storage": 7.788178536374627,
            "energyTransaction": 9.753913754896136,
            "energyUsed": 14.503913754896136,
            "noDefEnergyUsed": 14.503913754896136,
            "energyIn": 4.75,
            "storageProfit": 1.5038970143590786
        }
    ],
    "28": [
        {
            "tick": 28,
            "naiveProfit": 4.6964999999999995,
            "optProfit": 3.649274683226342,
            "storage": 7.788178536374627,
            "energyTransaction": 11.771853816859167,
            "energyUsed": 16.62185381685917,
            "noDefEnergyUsed": 16.62185381685917,
            "energyIn": 4.8500000000000005,
            "storageProfit": 2.4810479027701478
        }
    ],
    "29": [
        {
            "tick": 29,
            "naiveProfit": 4.6964999999999995,
            "optProfit": 3.649274683226342,
            "storage": 7.788178536374627,
            "energyTransaction": 11.771853816859167,
            "energyUsed": 16.62185381685917,
            "noDefEnergyUsed": 16.62185381685917,
            "energyIn": 4.8500000000000005,
            "storageProfit": 2.4810479027701478
        },
        {
            "tick": 29,
            "naiveProfit": 4.6964999999999995,
            "optProfit": 3.649274683226342,
            "storage": 7.788178536374627,
            "energyTransaction": 11.771853816859167,
            "energyUsed": 16.62185381685917,
            "noDefEnergyUsed": 16.62185381685917,
            "energyIn": 4.8500000000000005,
            "storageProfit": 2.4810479027701478
        },
        {
            "tick": 29,
            "naiveProfit": 1.060037809326223,
            "optProfit": 4.221182146362537,
            "storage": 35.0,
            "energyTransaction": 42.21182146362537,
            "energyUsed": 20.0,
            "noDefEnergyUsed": 9.455332879107365,
            "energyIn": 5.0,
            "storageProfit": 2.471182146362537
        }
    ],
    "30": [
        {
            "tick": 30,
            "naiveProfit": 0.719732162771234,
            "optProfit": 1.5000000000000007,
            "storage": 35.0,
            "energyTransaction": 15.000000000000005,
            "energyUsed": 20.0,
            "noDefEnergyUsed": 9.455332879107365,
            "energyIn": 5.0,
            "storageProfit": -0.24999999999999933
        }
    ],
    "31": [
        {
            "tick": 31,
            "naiveProfit": 0.8007069963443207,
            "optProfit": 0,
            "storage": 19.95,
            "energyTransaction": 0.0,
            "energyUsed": 20.0,
            "noDefEnergyUsed": 10.215081214838234,
            "energyIn": 4.95,
            "storageProfit": -0.9975
        }
    ],
    "32": [
        {
            "tick": 32,
            "naiveProfit": 2.8743904356086443,
            "optProfit": 6.911500000000001,
            "storage": 40.24463902856739,
            "energyTransaction": 30.050000000000004,
            "energyUsed": 14.605360971432608,
            "noDefEnergyUsed": 14.605360971432608,
            "energyIn": 4.8500000000000005,
            "storageProfit": 2.484589706857588
        }
    ],
    "33": [
        {
            "tick": 33,
            "naiveProfit": 0.5193683744674944,
            "optProfit": 0.9755360971432613,
            "storage": 43.877803829498966,
            "energyTransaction": 9.755360971432612,
            "energyUsed": 10.872196170501041,
            "noDefEnergyUsed": 7.201694996069969,
            "energyIn": 4.75,
            "storageProfit": -1.218354094331687
        }
    ],
    "34": [
        {
            "tick": 34,
            "naiveProfit": 6.798,
            "optProfit": -6.5922918349111015,
            "storage": 0.0,
            "energyTransaction": -29.96496288595955,
            "energyUsed": 18.462840943539415,
            "noDefEnergyUsed": 18.462840943539415,
            "energyIn": 4.55,
            "storageProfit": -6.5922918349111015
        }
    ],
    "35": [
        {
            "tick": 35,
            "naiveProfit": 0.49943551351921456,
            "optProfit": 5.0,
            "storage": 39.36047455695225,
            "energyTransaction": 50.0,
            "energyUsed": 14.93952544304775,
            "noDefEnergyUsed": 8.089525443047755,
            "energyIn": 4.3,
            "storageProfit": 3.0319762721523875
        }
    ],